Tier	Tool	Price	Coupon Code	Redeem URL
Tier 1	AccessiScan	$49	FMW-CC6B-87C5	https://fixmyweb.dev/redeem
Tier 1	AccessiScan	$49	FMW-0A79-ABD6	https://fixmyweb.dev/redeem
Tier 1	AccessiScan	$49	FMW-75ED-9AE4	https://fixmyweb.dev/redeem
Tier 1	AccessiScan	$49	FMW-6C12-F8E2	https://fixmyweb.dev/redeem
Tier 1	AccessiScan	$49	FMW-020C-8DE7	https://fixmyweb.dev/redeem
Tier 1	AccessiScan	$49	FMW-25BB-986E	https://fixmyweb.dev/redeem
Tier 1	AccessiScan	$49	FMW-FAFE-E7C7	https://fixmyweb.dev/redeem
Tier 1	AccessiScan	$49	FMW-E1B1-9A66	https://fixmyweb.dev/redeem
Tier 1	AccessiScan	$49	FMW-77BD-C13D	https://fixmyweb.dev/redeem
Tier 1	AccessiScan	$49	FMW-2CB6-8CA9	https://fixmyweb.dev/redeem
Tier 1	AccessiScan	$49	FMW-6A8B-C84B	https://fixmyweb.dev/redeem
Tier 1	AccessiScan	$49	FMW-4E7C-A277	https://fixmyweb.dev/redeem
Tier 1	AccessiScan	$49	FMW-D5E3-027C	https://fixmyweb.dev/redeem
Tier 1	AccessiScan	$49	FMW-C681-E000	https://fixmyweb.dev/redeem
Tier 1	AccessiScan	$49	FMW-798D-750B	https://fixmyweb.dev/redeem
Tier 1	AccessiScan	$49	FMW-91C4-E41C	https://fixmyweb.dev/redeem
Tier 1	AccessiScan	$49	FMW-5F9E-B9FC	https://fixmyweb.dev/redeem
Tier 1	AccessiScan	$49	FMW-2126-10B8	https://fixmyweb.dev/redeem
Tier 1	AccessiScan	$49	FMW-8E06-317D	https://fixmyweb.dev/redeem
Tier 1	AccessiScan	$49	FMW-4EC6-92EF	https://fixmyweb.dev/redeem
Tier 1	AccessiScan	$49	FMW-0158-0007	https://fixmyweb.dev/redeem
Tier 1	AccessiScan	$49	FMW-F306-695F	https://fixmyweb.dev/redeem
Tier 1	AccessiScan	$49	FMW-CDCF-D364	https://fixmyweb.dev/redeem
Tier 1	AccessiScan	$49	FMW-2A7D-EA26	https://fixmyweb.dev/redeem
Tier 1	AccessiScan	$49	FMW-9036-1DC2	https://fixmyweb.dev/redeem
Tier 1	AccessiScan	$49	FMW-8839-C566	https://fixmyweb.dev/redeem
Tier 1	AccessiScan	$49	FMW-52B1-4199	https://fixmyweb.dev/redeem
Tier 1	AccessiScan	$49	FMW-70BE-07C2	https://fixmyweb.dev/redeem
Tier 1	AccessiScan	$49	FMW-A2F2-5337	https://fixmyweb.dev/redeem
Tier 1	AccessiScan	$49	FMW-F9DC-FF9C	https://fixmyweb.dev/redeem
Tier 1	AccessiScan	$49	FMW-F73B-4DF9	https://fixmyweb.dev/redeem
Tier 1	AccessiScan	$49	FMW-DC3B-431A	https://fixmyweb.dev/redeem
Tier 1	AccessiScan	$49	FMW-DDA3-87BC	https://fixmyweb.dev/redeem
Tier 1	AccessiScan	$49	FMW-A199-DE7D	https://fixmyweb.dev/redeem
Tier 1	AccessiScan	$49	FMW-8F7E-356C	https://fixmyweb.dev/redeem
Tier 1	AccessiScan	$49	FMW-1821-DE38	https://fixmyweb.dev/redeem
Tier 1	AccessiScan	$49	FMW-E77A-B0EF	https://fixmyweb.dev/redeem
Tier 1	AccessiScan	$49	FMW-FDFA-B424	https://fixmyweb.dev/redeem
Tier 1	AccessiScan	$49	FMW-1B44-1F78	https://fixmyweb.dev/redeem
Tier 1	AccessiScan	$49	FMW-3D1F-0701	https://fixmyweb.dev/redeem
Tier 1	AccessiScan	$49	FMW-4D1A-E97A	https://fixmyweb.dev/redeem
Tier 1	AccessiScan	$49	FMW-A9A7-A9AC	https://fixmyweb.dev/redeem
Tier 1	AccessiScan	$49	FMW-1A98-7B3B	https://fixmyweb.dev/redeem
Tier 1	AccessiScan	$49	FMW-3B7C-2628	https://fixmyweb.dev/redeem
Tier 1	AccessiScan	$49	FMW-4D5D-BF8F	https://fixmyweb.dev/redeem
Tier 1	AccessiScan	$49	FMW-8C83-54CB	https://fixmyweb.dev/redeem
Tier 1	AccessiScan	$49	FMW-16DD-AB4D	https://fixmyweb.dev/redeem
Tier 1	AccessiScan	$49	FMW-939A-FE51	https://fixmyweb.dev/redeem
Tier 1	AccessiScan	$49	FMW-688C-D79F	https://fixmyweb.dev/redeem
Tier 1	AccessiScan	$49	FMW-0D80-2214	https://fixmyweb.dev/redeem
Tier 1	AccessiScan	$49	FMW-9AAE-348E	https://fixmyweb.dev/redeem
Tier 1	AccessiScan	$49	FMW-BC96-5472	https://fixmyweb.dev/redeem
Tier 1	AccessiScan	$49	FMW-073A-129B	https://fixmyweb.dev/redeem
Tier 1	AccessiScan	$49	FMW-5280-A606	https://fixmyweb.dev/redeem
Tier 1	AccessiScan	$49	FMW-AFB2-842E	https://fixmyweb.dev/redeem
Tier 1	AccessiScan	$49	FMW-9CF8-6EB9	https://fixmyweb.dev/redeem
Tier 1	AccessiScan	$49	FMW-9AD2-E7FC	https://fixmyweb.dev/redeem
Tier 1	AccessiScan	$49	FMW-153C-5174	https://fixmyweb.dev/redeem
Tier 1	AccessiScan	$49	FMW-465F-EEE6	https://fixmyweb.dev/redeem
Tier 1	AccessiScan	$49	FMW-DF92-30BD	https://fixmyweb.dev/redeem
Tier 1	AccessiScan	$49	FMW-68AC-7711	https://fixmyweb.dev/redeem
Tier 1	AccessiScan	$49	FMW-574E-43CE	https://fixmyweb.dev/redeem
Tier 1	AccessiScan	$49	FMW-B23E-2F9F	https://fixmyweb.dev/redeem
Tier 1	AccessiScan	$49	FMW-1D37-073F	https://fixmyweb.dev/redeem
Tier 1	AccessiScan	$49	FMW-EE5D-6903	https://fixmyweb.dev/redeem
Tier 1	AccessiScan	$49	FMW-9062-C60B	https://fixmyweb.dev/redeem
Tier 1	AccessiScan	$49	FMW-3A5B-4E05	https://fixmyweb.dev/redeem
Tier 1	AccessiScan	$49	FMW-1F5C-E594	https://fixmyweb.dev/redeem
Tier 1	AccessiScan	$49	FMW-5E46-EBA0	https://fixmyweb.dev/redeem
Tier 1	AccessiScan	$49	FMW-AC13-6884	https://fixmyweb.dev/redeem
Tier 1	AccessiScan	$49	FMW-7585-7B35	https://fixmyweb.dev/redeem
Tier 1	AccessiScan	$49	FMW-F28D-4BC9	https://fixmyweb.dev/redeem
Tier 1	AccessiScan	$49	FMW-9C10-1A4B	https://fixmyweb.dev/redeem
Tier 1	AccessiScan	$49	FMW-D26B-4549	https://fixmyweb.dev/redeem
Tier 1	AccessiScan	$49	FMW-9D4D-E2DC	https://fixmyweb.dev/redeem
Tier 1	AccessiScan	$49	FMW-A08A-2415	https://fixmyweb.dev/redeem
Tier 1	AccessiScan	$49	FMW-1D4D-31E3	https://fixmyweb.dev/redeem
Tier 1	AccessiScan	$49	FMW-0D6A-B8DF	https://fixmyweb.dev/redeem
Tier 1	AccessiScan	$49	FMW-6523-7199	https://fixmyweb.dev/redeem
Tier 1	AccessiScan	$49	FMW-B501-0294	https://fixmyweb.dev/redeem
Tier 1	AccessiScan	$49	FMW-6F32-00BA	https://fixmyweb.dev/redeem
Tier 1	AccessiScan	$49	FMW-C407-95F5	https://fixmyweb.dev/redeem
Tier 1	AccessiScan	$49	FMW-1D6B-BBCB	https://fixmyweb.dev/redeem
Tier 1	AccessiScan	$49	FMW-46D8-85B7	https://fixmyweb.dev/redeem
Tier 1	AccessiScan	$49	FMW-9C9B-CABC	https://fixmyweb.dev/redeem
Tier 1	AccessiScan	$49	FMW-8EFA-82AB	https://fixmyweb.dev/redeem
Tier 1	AccessiScan	$49	FMW-D7FC-F597	https://fixmyweb.dev/redeem
Tier 1	AccessiScan	$49	FMW-179F-464B	https://fixmyweb.dev/redeem
Tier 1	AccessiScan	$49	FMW-174B-BE33	https://fixmyweb.dev/redeem
Tier 1	AccessiScan	$49	FMW-8964-F075	https://fixmyweb.dev/redeem
Tier 1	AccessiScan	$49	FMW-2686-AB25	https://fixmyweb.dev/redeem
Tier 1	AccessiScan	$49	FMW-1F9B-8EBE	https://fixmyweb.dev/redeem
Tier 1	AccessiScan	$49	FMW-4884-8FBB	https://fixmyweb.dev/redeem
Tier 1	AccessiScan	$49	FMW-B0D7-FD64	https://fixmyweb.dev/redeem
Tier 1	AccessiScan	$49	FMW-FEAA-9226	https://fixmyweb.dev/redeem
Tier 1	AccessiScan	$49	FMW-430B-7C5D	https://fixmyweb.dev/redeem
Tier 1	AccessiScan	$49	FMW-8619-B458	https://fixmyweb.dev/redeem
Tier 1	AccessiScan	$49	FMW-022D-23A8	https://fixmyweb.dev/redeem
Tier 1	AccessiScan	$49	FMW-E10F-A3E7	https://fixmyweb.dev/redeem
Tier 1	CaptureAPI	$49	CAP-6A58-5880	https://captureapi.dev/redeem
Tier 1	CaptureAPI	$49	CAP-6567-7951	https://captureapi.dev/redeem
Tier 1	CaptureAPI	$49	CAP-99BF-F808	https://captureapi.dev/redeem
Tier 1	CaptureAPI	$49	CAP-BC70-394C	https://captureapi.dev/redeem
Tier 1	CaptureAPI	$49	CAP-F795-239A	https://captureapi.dev/redeem
Tier 1	CaptureAPI	$49	CAP-C292-7C5F	https://captureapi.dev/redeem
Tier 1	CaptureAPI	$49	CAP-73D1-5C02	https://captureapi.dev/redeem
Tier 1	CaptureAPI	$49	CAP-FE57-650D	https://captureapi.dev/redeem
Tier 1	CaptureAPI	$49	CAP-9E7A-F83B	https://captureapi.dev/redeem
Tier 1	CaptureAPI	$49	CAP-5BC1-3AF3	https://captureapi.dev/redeem
Tier 1	CaptureAPI	$49	CAP-80EA-7C20	https://captureapi.dev/redeem
Tier 1	CaptureAPI	$49	CAP-3536-FB60	https://captureapi.dev/redeem
Tier 1	CaptureAPI	$49	CAP-12AA-E650	https://captureapi.dev/redeem
Tier 1	CaptureAPI	$49	CAP-76A4-84F6	https://captureapi.dev/redeem
Tier 1	CaptureAPI	$49	CAP-CE1A-BCE9	https://captureapi.dev/redeem
Tier 1	CaptureAPI	$49	CAP-087E-F2A3	https://captureapi.dev/redeem
Tier 1	CaptureAPI	$49	CAP-29D8-92A1	https://captureapi.dev/redeem
Tier 1	CaptureAPI	$49	CAP-9D15-66E4	https://captureapi.dev/redeem
Tier 1	CaptureAPI	$49	CAP-AE68-43ED	https://captureapi.dev/redeem
Tier 1	CaptureAPI	$49	CAP-2959-74D4	https://captureapi.dev/redeem
Tier 1	CaptureAPI	$49	CAP-13F0-E8B6	https://captureapi.dev/redeem
Tier 1	CaptureAPI	$49	CAP-D259-81B1	https://captureapi.dev/redeem
Tier 1	CaptureAPI	$49	CAP-6D2C-6FDA	https://captureapi.dev/redeem
Tier 1	CaptureAPI	$49	CAP-D5E7-0B26	https://captureapi.dev/redeem
Tier 1	CaptureAPI	$49	CAP-1F9D-B6DC	https://captureapi.dev/redeem
Tier 1	CaptureAPI	$49	CAP-9AC8-3256	https://captureapi.dev/redeem
Tier 1	CaptureAPI	$49	CAP-ED3C-06AC	https://captureapi.dev/redeem
Tier 1	CaptureAPI	$49	CAP-01C0-8485	https://captureapi.dev/redeem
Tier 1	CaptureAPI	$49	CAP-8E47-73FC	https://captureapi.dev/redeem
Tier 1	CaptureAPI	$49	CAP-196B-A311	https://captureapi.dev/redeem
Tier 1	CaptureAPI	$49	CAP-84C9-0E11	https://captureapi.dev/redeem
Tier 1	CaptureAPI	$49	CAP-E49F-78F1	https://captureapi.dev/redeem
Tier 1	CaptureAPI	$49	CAP-5A7E-6561	https://captureapi.dev/redeem
Tier 1	CaptureAPI	$49	CAP-FDF3-B75A	https://captureapi.dev/redeem
Tier 1	CaptureAPI	$49	CAP-F209-1C32	https://captureapi.dev/redeem
Tier 1	CaptureAPI	$49	CAP-F115-6170	https://captureapi.dev/redeem
Tier 1	CaptureAPI	$49	CAP-438B-27C4	https://captureapi.dev/redeem
Tier 1	CaptureAPI	$49	CAP-D72E-3AD0	https://captureapi.dev/redeem
Tier 1	CaptureAPI	$49	CAP-C9AD-5718	https://captureapi.dev/redeem
Tier 1	CaptureAPI	$49	CAP-5DCD-CFF2	https://captureapi.dev/redeem
Tier 1	CaptureAPI	$49	CAP-D690-43D1	https://captureapi.dev/redeem
Tier 1	CaptureAPI	$49	CAP-61AE-CC0B	https://captureapi.dev/redeem
Tier 1	CaptureAPI	$49	CAP-5185-B9B8	https://captureapi.dev/redeem
Tier 1	CaptureAPI	$49	CAP-EFE3-FE4E	https://captureapi.dev/redeem
Tier 1	CaptureAPI	$49	CAP-9FDD-6692	https://captureapi.dev/redeem
Tier 1	CaptureAPI	$49	CAP-718C-3DE6	https://captureapi.dev/redeem
Tier 1	CaptureAPI	$49	CAP-F84E-5D08	https://captureapi.dev/redeem
Tier 1	CaptureAPI	$49	CAP-F4B5-CAC4	https://captureapi.dev/redeem
Tier 1	CaptureAPI	$49	CAP-021F-1A33	https://captureapi.dev/redeem
Tier 1	CaptureAPI	$49	CAP-47E6-32B6	https://captureapi.dev/redeem
Tier 1	CaptureAPI	$49	CAP-C3AA-7ABA	https://captureapi.dev/redeem
Tier 1	CaptureAPI	$49	CAP-BB50-6CDC	https://captureapi.dev/redeem
Tier 1	CaptureAPI	$49	CAP-E986-9FDD	https://captureapi.dev/redeem
Tier 1	CaptureAPI	$49	CAP-5590-F918	https://captureapi.dev/redeem
Tier 1	CaptureAPI	$49	CAP-5619-2733	https://captureapi.dev/redeem
Tier 1	CaptureAPI	$49	CAP-721E-67E9	https://captureapi.dev/redeem
Tier 1	CaptureAPI	$49	CAP-AE6C-9FD7	https://captureapi.dev/redeem
Tier 1	CaptureAPI	$49	CAP-B8ED-844D	https://captureapi.dev/redeem
Tier 1	CaptureAPI	$49	CAP-D698-DEE8	https://captureapi.dev/redeem
Tier 1	CaptureAPI	$49	CAP-8F88-DE5B	https://captureapi.dev/redeem
Tier 1	CaptureAPI	$49	CAP-7009-3BAC	https://captureapi.dev/redeem
Tier 1	CaptureAPI	$49	CAP-099A-9C5F	https://captureapi.dev/redeem
Tier 1	CaptureAPI	$49	CAP-A9FF-53E7	https://captureapi.dev/redeem
Tier 1	CaptureAPI	$49	CAP-7120-13B2	https://captureapi.dev/redeem
Tier 1	CaptureAPI	$49	CAP-C929-D999	https://captureapi.dev/redeem
Tier 1	CaptureAPI	$49	CAP-D6B2-2E5E	https://captureapi.dev/redeem
Tier 1	CaptureAPI	$49	CAP-7330-7AC7	https://captureapi.dev/redeem
Tier 1	CaptureAPI	$49	CAP-0547-19CA	https://captureapi.dev/redeem
Tier 1	CaptureAPI	$49	CAP-B3C0-5D8A	https://captureapi.dev/redeem
Tier 1	CaptureAPI	$49	CAP-B1AD-8AB5	https://captureapi.dev/redeem
Tier 1	CaptureAPI	$49	CAP-ABCC-CEF9	https://captureapi.dev/redeem
Tier 1	CaptureAPI	$49	CAP-8D34-FCEA	https://captureapi.dev/redeem
Tier 1	CaptureAPI	$49	CAP-A531-9A42	https://captureapi.dev/redeem
Tier 1	CaptureAPI	$49	CAP-B240-A9A3	https://captureapi.dev/redeem
Tier 1	CaptureAPI	$49	CAP-21B7-E3C2	https://captureapi.dev/redeem
Tier 1	CaptureAPI	$49	CAP-CA54-E73D	https://captureapi.dev/redeem
Tier 1	CaptureAPI	$49	CAP-69E3-1AFF	https://captureapi.dev/redeem
Tier 1	CaptureAPI	$49	CAP-8A53-0C5B	https://captureapi.dev/redeem
Tier 1	CaptureAPI	$49	CAP-8376-471D	https://captureapi.dev/redeem
Tier 1	CaptureAPI	$49	CAP-47EC-E5E7	https://captureapi.dev/redeem
Tier 1	CaptureAPI	$49	CAP-1E15-45D4	https://captureapi.dev/redeem
Tier 1	CaptureAPI	$49	CAP-E28D-8A12	https://captureapi.dev/redeem
Tier 1	CaptureAPI	$49	CAP-34FA-A4EF	https://captureapi.dev/redeem
Tier 1	CaptureAPI	$49	CAP-CC8A-0E45	https://captureapi.dev/redeem
Tier 1	CaptureAPI	$49	CAP-9D77-8849	https://captureapi.dev/redeem
Tier 1	CaptureAPI	$49	CAP-8927-6932	https://captureapi.dev/redeem
Tier 1	CaptureAPI	$49	CAP-799F-2F57	https://captureapi.dev/redeem
Tier 1	CaptureAPI	$49	CAP-1752-7493	https://captureapi.dev/redeem
Tier 1	CaptureAPI	$49	CAP-0F9F-E6E7	https://captureapi.dev/redeem
Tier 1	CaptureAPI	$49	CAP-9375-A57C	https://captureapi.dev/redeem
Tier 1	CaptureAPI	$49	CAP-7D93-3536	https://captureapi.dev/redeem
Tier 1	CaptureAPI	$49	CAP-CF9C-B3FB	https://captureapi.dev/redeem
Tier 1	CaptureAPI	$49	CAP-BF46-1BBC	https://captureapi.dev/redeem
Tier 1	CaptureAPI	$49	CAP-6FDF-D525	https://captureapi.dev/redeem
Tier 1	CaptureAPI	$49	CAP-037A-75C1	https://captureapi.dev/redeem
Tier 1	CaptureAPI	$49	CAP-F218-CF4D	https://captureapi.dev/redeem
Tier 1	CaptureAPI	$49	CAP-9A18-C7B2	https://captureapi.dev/redeem
Tier 1	CaptureAPI	$49	CAP-E8FA-61E4	https://captureapi.dev/redeem
Tier 1	CaptureAPI	$49	CAP-FA9D-8282	https://captureapi.dev/redeem
Tier 1	ParseFlow	$49	PFL-D2B6-81A9	https://parseflow.dev/redeem
Tier 1	ParseFlow	$49	PFL-5FF7-29A5	https://parseflow.dev/redeem
Tier 1	ParseFlow	$49	PFL-CD59-BE16	https://parseflow.dev/redeem
Tier 1	ParseFlow	$49	PFL-EA5D-2E57	https://parseflow.dev/redeem
Tier 1	ParseFlow	$49	PFL-7041-A130	https://parseflow.dev/redeem
Tier 1	ParseFlow	$49	PFL-788F-9E9B	https://parseflow.dev/redeem
Tier 1	ParseFlow	$49	PFL-1564-4C9D	https://parseflow.dev/redeem
Tier 1	ParseFlow	$49	PFL-F451-D537	https://parseflow.dev/redeem
Tier 1	ParseFlow	$49	PFL-7D4A-50D6	https://parseflow.dev/redeem
Tier 1	ParseFlow	$49	PFL-E751-E5E4	https://parseflow.dev/redeem
Tier 1	ParseFlow	$49	PFL-E345-38EA	https://parseflow.dev/redeem
Tier 1	ParseFlow	$49	PFL-143A-0CD8	https://parseflow.dev/redeem
Tier 1	ParseFlow	$49	PFL-E16B-1F2F	https://parseflow.dev/redeem
Tier 1	ParseFlow	$49	PFL-9C46-BF2C	https://parseflow.dev/redeem
Tier 1	ParseFlow	$49	PFL-5CE8-777E	https://parseflow.dev/redeem
Tier 1	ParseFlow	$49	PFL-B344-157E	https://parseflow.dev/redeem
Tier 1	ParseFlow	$49	PFL-799F-D35F	https://parseflow.dev/redeem
Tier 1	ParseFlow	$49	PFL-0366-F49C	https://parseflow.dev/redeem
Tier 1	ParseFlow	$49	PFL-B2BC-624A	https://parseflow.dev/redeem
Tier 1	ParseFlow	$49	PFL-FDD3-E6A6	https://parseflow.dev/redeem
Tier 1	ParseFlow	$49	PFL-106D-AB32	https://parseflow.dev/redeem
Tier 1	ParseFlow	$49	PFL-CBA6-0C68	https://parseflow.dev/redeem
Tier 1	ParseFlow	$49	PFL-F095-C1F0	https://parseflow.dev/redeem
Tier 1	ParseFlow	$49	PFL-5111-4688	https://parseflow.dev/redeem
Tier 1	ParseFlow	$49	PFL-91DB-4BEE	https://parseflow.dev/redeem
Tier 1	ParseFlow	$49	PFL-555F-79CC	https://parseflow.dev/redeem
Tier 1	ParseFlow	$49	PFL-23DD-CC0B	https://parseflow.dev/redeem
Tier 1	ParseFlow	$49	PFL-EBE5-7593	https://parseflow.dev/redeem
Tier 1	ParseFlow	$49	PFL-0C16-57AD	https://parseflow.dev/redeem
Tier 1	ParseFlow	$49	PFL-24C8-7FDA	https://parseflow.dev/redeem
Tier 1	ParseFlow	$49	PFL-6875-7E24	https://parseflow.dev/redeem
Tier 1	ParseFlow	$49	PFL-1D96-F36A	https://parseflow.dev/redeem
Tier 1	ParseFlow	$49	PFL-FF86-38B2	https://parseflow.dev/redeem
Tier 1	ParseFlow	$49	PFL-584E-4018	https://parseflow.dev/redeem
Tier 1	ParseFlow	$49	PFL-DADD-4E6D	https://parseflow.dev/redeem
Tier 1	ParseFlow	$49	PFL-A884-6167	https://parseflow.dev/redeem
Tier 1	ParseFlow	$49	PFL-27F4-E5A1	https://parseflow.dev/redeem
Tier 1	ParseFlow	$49	PFL-6BAD-830F	https://parseflow.dev/redeem
Tier 1	ParseFlow	$49	PFL-456A-39B8	https://parseflow.dev/redeem
Tier 1	ParseFlow	$49	PFL-6D3E-4762	https://parseflow.dev/redeem
Tier 1	ParseFlow	$49	PFL-2DF8-7865	https://parseflow.dev/redeem
Tier 1	ParseFlow	$49	PFL-3163-90E1	https://parseflow.dev/redeem
Tier 1	ParseFlow	$49	PFL-2BD2-475E	https://parseflow.dev/redeem
Tier 1	ParseFlow	$49	PFL-27D2-5F50	https://parseflow.dev/redeem
Tier 1	ParseFlow	$49	PFL-2D43-849A	https://parseflow.dev/redeem
Tier 1	ParseFlow	$49	PFL-ACA6-FDBE	https://parseflow.dev/redeem
Tier 1	ParseFlow	$49	PFL-B716-849D	https://parseflow.dev/redeem
Tier 1	ParseFlow	$49	PFL-A87E-F03F	https://parseflow.dev/redeem
Tier 1	ParseFlow	$49	PFL-972B-618B	https://parseflow.dev/redeem
Tier 1	ParseFlow	$49	PFL-C392-891E	https://parseflow.dev/redeem
Tier 1	ParseFlow	$49	PFL-A2EC-858F	https://parseflow.dev/redeem
Tier 1	ParseFlow	$49	PFL-E296-9CF4	https://parseflow.dev/redeem
Tier 1	ParseFlow	$49	PFL-4797-CBAA	https://parseflow.dev/redeem
Tier 1	ParseFlow	$49	PFL-F4F9-7B29	https://parseflow.dev/redeem
Tier 1	ParseFlow	$49	PFL-675A-AF1C	https://parseflow.dev/redeem
Tier 1	ParseFlow	$49	PFL-46D4-8C90	https://parseflow.dev/redeem
Tier 1	ParseFlow	$49	PFL-0AB3-77ED	https://parseflow.dev/redeem
Tier 1	ParseFlow	$49	PFL-5538-D204	https://parseflow.dev/redeem
Tier 1	ParseFlow	$49	PFL-FB09-F0B9	https://parseflow.dev/redeem
Tier 1	ParseFlow	$49	PFL-0D39-6203	https://parseflow.dev/redeem
Tier 1	ParseFlow	$49	PFL-97A7-F83C	https://parseflow.dev/redeem
Tier 1	ParseFlow	$49	PFL-17AB-F4FA	https://parseflow.dev/redeem
Tier 1	ParseFlow	$49	PFL-556B-0B1C	https://parseflow.dev/redeem
Tier 1	ParseFlow	$49	PFL-82FC-DBE8	https://parseflow.dev/redeem
Tier 1	ParseFlow	$49	PFL-7A3E-3A73	https://parseflow.dev/redeem
Tier 1	ParseFlow	$49	PFL-8E44-F8E3	https://parseflow.dev/redeem
Tier 1	ParseFlow	$49	PFL-CD20-F37E	https://parseflow.dev/redeem
Tier 1	ParseFlow	$49	PFL-2DAE-642E	https://parseflow.dev/redeem
Tier 1	ParseFlow	$49	PFL-2CD5-4AF2	https://parseflow.dev/redeem
Tier 1	ParseFlow	$49	PFL-8CF6-FAC8	https://parseflow.dev/redeem
Tier 1	ParseFlow	$49	PFL-3ADB-A7C9	https://parseflow.dev/redeem
Tier 1	ParseFlow	$49	PFL-FB66-543E	https://parseflow.dev/redeem
Tier 1	ParseFlow	$49	PFL-06E8-713D	https://parseflow.dev/redeem
Tier 1	ParseFlow	$49	PFL-7A07-6C2F	https://parseflow.dev/redeem
Tier 1	ParseFlow	$49	PFL-126C-9187	https://parseflow.dev/redeem
Tier 1	ParseFlow	$49	PFL-6FCB-2ABD	https://parseflow.dev/redeem
Tier 1	ParseFlow	$49	PFL-509B-8297	https://parseflow.dev/redeem
Tier 1	ParseFlow	$49	PFL-46FE-3D43	https://parseflow.dev/redeem
Tier 1	ParseFlow	$49	PFL-81E8-2EC1	https://parseflow.dev/redeem
Tier 1	ParseFlow	$49	PFL-B9A3-C271	https://parseflow.dev/redeem
Tier 1	ParseFlow	$49	PFL-1F78-DBF3	https://parseflow.dev/redeem
Tier 1	ParseFlow	$49	PFL-5AB5-B19A	https://parseflow.dev/redeem
Tier 1	ParseFlow	$49	PFL-22CC-0E41	https://parseflow.dev/redeem
Tier 1	ParseFlow	$49	PFL-786C-D398	https://parseflow.dev/redeem
Tier 1	ParseFlow	$49	PFL-DD99-6502	https://parseflow.dev/redeem
Tier 1	ParseFlow	$49	PFL-D572-CB3D	https://parseflow.dev/redeem
Tier 1	ParseFlow	$49	PFL-84A4-C164	https://parseflow.dev/redeem
Tier 1	ParseFlow	$49	PFL-68AA-2551	https://parseflow.dev/redeem
Tier 1	ParseFlow	$49	PFL-1676-F603	https://parseflow.dev/redeem
Tier 1	ParseFlow	$49	PFL-096A-75EA	https://parseflow.dev/redeem
Tier 1	ParseFlow	$49	PFL-C7E7-40D6	https://parseflow.dev/redeem
Tier 1	ParseFlow	$49	PFL-713B-5C08	https://parseflow.dev/redeem
Tier 1	ParseFlow	$49	PFL-7930-1B33	https://parseflow.dev/redeem
Tier 1	ParseFlow	$49	PFL-3E46-5A5E	https://parseflow.dev/redeem
Tier 1	ParseFlow	$49	PFL-FEC3-B593	https://parseflow.dev/redeem
Tier 1	ParseFlow	$49	PFL-7E91-7F96	https://parseflow.dev/redeem
Tier 1	ParseFlow	$49	PFL-A124-9E88	https://parseflow.dev/redeem
Tier 1	ParseFlow	$49	PFL-DDA6-9989	https://parseflow.dev/redeem
Tier 1	ParseFlow	$49	PFL-7D1F-1650	https://parseflow.dev/redeem
Tier 2	CompliPilot	$99	CPL-1AF1-D93B	https://complipilot.dev/redeem
Tier 2	CompliPilot	$99	CPL-10A2-FD29	https://complipilot.dev/redeem
Tier 2	CompliPilot	$99	CPL-B948-2855	https://complipilot.dev/redeem
Tier 2	CompliPilot	$99	CPL-D64C-19D7	https://complipilot.dev/redeem
Tier 2	CompliPilot	$99	CPL-B789-4644	https://complipilot.dev/redeem
Tier 2	CompliPilot	$99	CPL-EBFF-0E56	https://complipilot.dev/redeem
Tier 2	CompliPilot	$99	CPL-19FA-520E	https://complipilot.dev/redeem
Tier 2	CompliPilot	$99	CPL-8311-ECC0	https://complipilot.dev/redeem
Tier 2	CompliPilot	$99	CPL-3384-8AD6	https://complipilot.dev/redeem
Tier 2	CompliPilot	$99	CPL-EC9A-1754	https://complipilot.dev/redeem
Tier 2	CompliPilot	$99	CPL-1CB2-227C	https://complipilot.dev/redeem
Tier 2	CompliPilot	$99	CPL-E631-02C4	https://complipilot.dev/redeem
Tier 2	CompliPilot	$99	CPL-8033-4934	https://complipilot.dev/redeem
Tier 2	CompliPilot	$99	CPL-A359-C190	https://complipilot.dev/redeem
Tier 2	CompliPilot	$99	CPL-0098-EF24	https://complipilot.dev/redeem
Tier 2	CompliPilot	$99	CPL-74F4-CED8	https://complipilot.dev/redeem
Tier 2	CompliPilot	$99	CPL-EC58-55B8	https://complipilot.dev/redeem
Tier 2	CompliPilot	$99	CPL-6A4C-715F	https://complipilot.dev/redeem
Tier 2	CompliPilot	$99	CPL-D161-57C5	https://complipilot.dev/redeem
Tier 2	CompliPilot	$99	CPL-9445-BBAD	https://complipilot.dev/redeem
Tier 2	CompliPilot	$99	CPL-F79B-CFB6	https://complipilot.dev/redeem
Tier 2	CompliPilot	$99	CPL-D166-2ED9	https://complipilot.dev/redeem
Tier 2	CompliPilot	$99	CPL-3792-3C89	https://complipilot.dev/redeem
Tier 2	CompliPilot	$99	CPL-44D8-841C	https://complipilot.dev/redeem
Tier 2	CompliPilot	$99	CPL-CA2B-E5EF	https://complipilot.dev/redeem
Tier 2	CompliPilot	$99	CPL-0DF3-1BDF	https://complipilot.dev/redeem
Tier 2	CompliPilot	$99	CPL-BB00-FF38	https://complipilot.dev/redeem
Tier 2	CompliPilot	$99	CPL-512D-AA8E	https://complipilot.dev/redeem
Tier 2	CompliPilot	$99	CPL-E0F7-D11B	https://complipilot.dev/redeem
Tier 2	CompliPilot	$99	CPL-0C61-7739	https://complipilot.dev/redeem
Tier 2	CompliPilot	$99	CPL-3A0B-C643	https://complipilot.dev/redeem
Tier 2	CompliPilot	$99	CPL-5697-54A7	https://complipilot.dev/redeem
Tier 2	CompliPilot	$99	CPL-D1CA-01DA	https://complipilot.dev/redeem
Tier 2	CompliPilot	$99	CPL-0F4B-F024	https://complipilot.dev/redeem
Tier 2	CompliPilot	$99	CPL-1EE8-50D9	https://complipilot.dev/redeem
Tier 2	CompliPilot	$99	CPL-9AD7-666F	https://complipilot.dev/redeem
Tier 2	CompliPilot	$99	CPL-D891-BF7F	https://complipilot.dev/redeem
Tier 2	CompliPilot	$99	CPL-DE20-60EC	https://complipilot.dev/redeem
Tier 2	CompliPilot	$99	CPL-4D91-CBE0	https://complipilot.dev/redeem
Tier 2	CompliPilot	$99	CPL-CB66-AD99	https://complipilot.dev/redeem
Tier 2	CompliPilot	$99	CPL-0D22-AF30	https://complipilot.dev/redeem
Tier 2	CompliPilot	$99	CPL-57BB-8440	https://complipilot.dev/redeem
Tier 2	CompliPilot	$99	CPL-FE05-4625	https://complipilot.dev/redeem
Tier 2	CompliPilot	$99	CPL-ECF4-E5DB	https://complipilot.dev/redeem
Tier 2	CompliPilot	$99	CPL-168B-27A1	https://complipilot.dev/redeem
Tier 2	CompliPilot	$99	CPL-484F-3197	https://complipilot.dev/redeem
Tier 2	CompliPilot	$99	CPL-ADE5-85AF	https://complipilot.dev/redeem
Tier 2	CompliPilot	$99	CPL-DFB5-6472	https://complipilot.dev/redeem
Tier 2	CompliPilot	$99	CPL-FB76-271D	https://complipilot.dev/redeem
Tier 2	CompliPilot	$99	CPL-AA84-D565	https://complipilot.dev/redeem
Tier 2	CompliPilot	$99	CPL-C854-FA77	https://complipilot.dev/redeem
Tier 2	CompliPilot	$99	CPL-54E7-B300	https://complipilot.dev/redeem
Tier 2	CompliPilot	$99	CPL-9E50-3A0C	https://complipilot.dev/redeem
Tier 2	CompliPilot	$99	CPL-5C60-48E7	https://complipilot.dev/redeem
Tier 2	CompliPilot	$99	CPL-0972-D761	https://complipilot.dev/redeem
Tier 2	CompliPilot	$99	CPL-19C9-6670	https://complipilot.dev/redeem
Tier 2	CompliPilot	$99	CPL-3867-EBF5	https://complipilot.dev/redeem
Tier 2	CompliPilot	$99	CPL-41AD-23D9	https://complipilot.dev/redeem
Tier 2	CompliPilot	$99	CPL-0B9C-31E8	https://complipilot.dev/redeem
Tier 2	CompliPilot	$99	CPL-2913-C93B	https://complipilot.dev/redeem
Tier 2	CompliPilot	$99	CPL-B419-BFED	https://complipilot.dev/redeem
Tier 2	CompliPilot	$99	CPL-A2E0-214B	https://complipilot.dev/redeem
Tier 2	CompliPilot	$99	CPL-C444-614A	https://complipilot.dev/redeem
Tier 2	CompliPilot	$99	CPL-FC58-2BFA	https://complipilot.dev/redeem
Tier 2	CompliPilot	$99	CPL-105F-CB5C	https://complipilot.dev/redeem
Tier 2	CompliPilot	$99	CPL-AAD3-51DF	https://complipilot.dev/redeem
Tier 2	CompliPilot	$99	CPL-D12B-9EAF	https://complipilot.dev/redeem
Tier 2	CompliPilot	$99	CPL-4158-7D3F	https://complipilot.dev/redeem
Tier 2	CompliPilot	$99	CPL-C9AF-8726	https://complipilot.dev/redeem
Tier 2	CompliPilot	$99	CPL-8F6A-3D25	https://complipilot.dev/redeem
Tier 2	CompliPilot	$99	CPL-6500-C7CC	https://complipilot.dev/redeem
Tier 2	CompliPilot	$99	CPL-0C39-675C	https://complipilot.dev/redeem
Tier 2	CompliPilot	$99	CPL-2BDF-7C92	https://complipilot.dev/redeem
Tier 2	CompliPilot	$99	CPL-8BA8-7436	https://complipilot.dev/redeem
Tier 2	CompliPilot	$99	CPL-D67A-12E4	https://complipilot.dev/redeem
Tier 2	CompliPilot	$99	CPL-653C-3373	https://complipilot.dev/redeem
Tier 2	CompliPilot	$99	CPL-429F-89BB	https://complipilot.dev/redeem
Tier 2	CompliPilot	$99	CPL-47CE-957D	https://complipilot.dev/redeem
Tier 2	CompliPilot	$99	CPL-0BF3-C15C	https://complipilot.dev/redeem
Tier 2	CompliPilot	$99	CPL-DDA9-5D5D	https://complipilot.dev/redeem
Tier 2	CompliPilot	$99	CPL-6D40-7A2F	https://complipilot.dev/redeem
Tier 2	CompliPilot	$99	CPL-299E-1DE2	https://complipilot.dev/redeem
Tier 2	CompliPilot	$99	CPL-4DD8-DAF1	https://complipilot.dev/redeem
Tier 2	CompliPilot	$99	CPL-41C3-94C6	https://complipilot.dev/redeem
Tier 2	CompliPilot	$99	CPL-973F-45B6	https://complipilot.dev/redeem
Tier 2	CompliPilot	$99	CPL-266F-1064	https://complipilot.dev/redeem
Tier 2	CompliPilot	$99	CPL-D675-549B	https://complipilot.dev/redeem
Tier 2	CompliPilot	$99	CPL-C578-6E18	https://complipilot.dev/redeem
Tier 2	CompliPilot	$99	CPL-8EC0-30AF	https://complipilot.dev/redeem
Tier 2	CompliPilot	$99	CPL-CD75-18BC	https://complipilot.dev/redeem
Tier 2	CompliPilot	$99	CPL-00E8-99A6	https://complipilot.dev/redeem
Tier 2	CompliPilot	$99	CPL-FB91-6605	https://complipilot.dev/redeem
Tier 2	CompliPilot	$99	CPL-525A-FB3A	https://complipilot.dev/redeem
Tier 2	CompliPilot	$99	CPL-D918-6D2C	https://complipilot.dev/redeem
Tier 2	CompliPilot	$99	CPL-A69B-9E0D	https://complipilot.dev/redeem
Tier 2	CompliPilot	$99	CPL-6E20-BBFE	https://complipilot.dev/redeem
Tier 2	CompliPilot	$99	CPL-0A06-97B8	https://complipilot.dev/redeem
Tier 2	CompliPilot	$99	CPL-39AD-8F92	https://complipilot.dev/redeem
Tier 2	CompliPilot	$99	CPL-DC44-CBDE	https://complipilot.dev/redeem
Tier 2	ChurnGuard	$99	PRE-E3F4-A267	https://paymentrescue.dev/redeem
Tier 2	ChurnGuard	$99	PRE-794E-BAE1	https://paymentrescue.dev/redeem
Tier 2	ChurnGuard	$99	PRE-28DE-9727	https://paymentrescue.dev/redeem
Tier 2	ChurnGuard	$99	PRE-48FB-6205	https://paymentrescue.dev/redeem
Tier 2	ChurnGuard	$99	PRE-F7D2-34E8	https://paymentrescue.dev/redeem
Tier 2	ChurnGuard	$99	PRE-9E2F-0E1D	https://paymentrescue.dev/redeem
Tier 2	ChurnGuard	$99	PRE-5FE1-1BB7	https://paymentrescue.dev/redeem
Tier 2	ChurnGuard	$99	PRE-C9B7-1945	https://paymentrescue.dev/redeem
Tier 2	ChurnGuard	$99	PRE-DA54-F572	https://paymentrescue.dev/redeem
Tier 2	ChurnGuard	$99	PRE-D761-E834	https://paymentrescue.dev/redeem
Tier 2	ChurnGuard	$99	PRE-A8B1-E1C9	https://paymentrescue.dev/redeem
Tier 2	ChurnGuard	$99	PRE-A4D2-8F89	https://paymentrescue.dev/redeem
Tier 2	ChurnGuard	$99	PRE-5CF7-D39C	https://paymentrescue.dev/redeem
Tier 2	ChurnGuard	$99	PRE-AB81-61E4	https://paymentrescue.dev/redeem
Tier 2	ChurnGuard	$99	PRE-628C-55A3	https://paymentrescue.dev/redeem
Tier 2	ChurnGuard	$99	PRE-84DA-5617	https://paymentrescue.dev/redeem
Tier 2	ChurnGuard	$99	PRE-9B57-C156	https://paymentrescue.dev/redeem
Tier 2	ChurnGuard	$99	PRE-E11E-E3E9	https://paymentrescue.dev/redeem
Tier 2	ChurnGuard	$99	PRE-55AA-5A8C	https://paymentrescue.dev/redeem
Tier 2	ChurnGuard	$99	PRE-3205-A6B2	https://paymentrescue.dev/redeem
Tier 2	ChurnGuard	$99	PRE-6105-8EF9	https://paymentrescue.dev/redeem
Tier 2	ChurnGuard	$99	PRE-1399-9535	https://paymentrescue.dev/redeem
Tier 2	ChurnGuard	$99	PRE-4DB6-9794	https://paymentrescue.dev/redeem
Tier 2	ChurnGuard	$99	PRE-BB9A-29FE	https://paymentrescue.dev/redeem
Tier 2	ChurnGuard	$99	PRE-5F66-458C	https://paymentrescue.dev/redeem
Tier 2	ChurnGuard	$99	PRE-5EEF-D9B0	https://paymentrescue.dev/redeem
Tier 2	ChurnGuard	$99	PRE-6A62-13D3	https://paymentrescue.dev/redeem
Tier 2	ChurnGuard	$99	PRE-B024-0F45	https://paymentrescue.dev/redeem
Tier 2	ChurnGuard	$99	PRE-326F-1ED5	https://paymentrescue.dev/redeem
Tier 2	ChurnGuard	$99	PRE-9A48-D96D	https://paymentrescue.dev/redeem
Tier 2	ChurnGuard	$99	PRE-6B68-CA44	https://paymentrescue.dev/redeem
Tier 2	ChurnGuard	$99	PRE-5686-0498	https://paymentrescue.dev/redeem
Tier 2	ChurnGuard	$99	PRE-7430-52E4	https://paymentrescue.dev/redeem
Tier 2	ChurnGuard	$99	PRE-6E7B-8511	https://paymentrescue.dev/redeem
Tier 2	ChurnGuard	$99	PRE-D66A-7F47	https://paymentrescue.dev/redeem
Tier 2	ChurnGuard	$99	PRE-8FEF-0897	https://paymentrescue.dev/redeem
Tier 2	ChurnGuard	$99	PRE-4A44-8262	https://paymentrescue.dev/redeem
Tier 2	ChurnGuard	$99	PRE-EB1A-2FE9	https://paymentrescue.dev/redeem
Tier 2	ChurnGuard	$99	PRE-EA60-135D	https://paymentrescue.dev/redeem
Tier 2	ChurnGuard	$99	PRE-C0D1-A809	https://paymentrescue.dev/redeem
Tier 2	ChurnGuard	$99	PRE-7017-46F7	https://paymentrescue.dev/redeem
Tier 2	ChurnGuard	$99	PRE-B82E-BC73	https://paymentrescue.dev/redeem
Tier 2	ChurnGuard	$99	PRE-197D-8965	https://paymentrescue.dev/redeem
Tier 2	ChurnGuard	$99	PRE-62C6-AE2F	https://paymentrescue.dev/redeem
Tier 2	ChurnGuard	$99	PRE-FC79-542C	https://paymentrescue.dev/redeem
Tier 2	ChurnGuard	$99	PRE-3520-828F	https://paymentrescue.dev/redeem
Tier 2	ChurnGuard	$99	PRE-217F-9E83	https://paymentrescue.dev/redeem
Tier 2	ChurnGuard	$99	PRE-916A-BE13	https://paymentrescue.dev/redeem
Tier 2	ChurnGuard	$99	PRE-2022-3BAD	https://paymentrescue.dev/redeem
Tier 2	ChurnGuard	$99	PRE-CCAD-030C	https://paymentrescue.dev/redeem
Tier 2	ChurnGuard	$99	PRE-4818-633D	https://paymentrescue.dev/redeem
Tier 2	ChurnGuard	$99	PRE-320D-E918	https://paymentrescue.dev/redeem
Tier 2	ChurnGuard	$99	PRE-B677-8F10	https://paymentrescue.dev/redeem
Tier 2	ChurnGuard	$99	PRE-D97C-14BC	https://paymentrescue.dev/redeem
Tier 2	ChurnGuard	$99	PRE-7D75-C97B	https://paymentrescue.dev/redeem
Tier 2	ChurnGuard	$99	PRE-F210-6B40	https://paymentrescue.dev/redeem
Tier 2	ChurnGuard	$99	PRE-AE78-59CA	https://paymentrescue.dev/redeem
Tier 2	ChurnGuard	$99	PRE-7783-E782	https://paymentrescue.dev/redeem
Tier 2	ChurnGuard	$99	PRE-8A30-0487	https://paymentrescue.dev/redeem
Tier 2	ChurnGuard	$99	PRE-9643-8F44	https://paymentrescue.dev/redeem
Tier 2	ChurnGuard	$99	PRE-027C-7273	https://paymentrescue.dev/redeem
Tier 2	ChurnGuard	$99	PRE-7B52-3858	https://paymentrescue.dev/redeem
Tier 2	ChurnGuard	$99	PRE-B0BE-A8A8	https://paymentrescue.dev/redeem
Tier 2	ChurnGuard	$99	PRE-51BB-1CD0	https://paymentrescue.dev/redeem
Tier 2	ChurnGuard	$99	PRE-DBFF-7FDE	https://paymentrescue.dev/redeem
Tier 2	ChurnGuard	$99	PRE-FF6E-8B77	https://paymentrescue.dev/redeem
Tier 2	ChurnGuard	$99	PRE-A7D7-746F	https://paymentrescue.dev/redeem
Tier 2	ChurnGuard	$99	PRE-9492-DC6D	https://paymentrescue.dev/redeem
Tier 2	ChurnGuard	$99	PRE-813D-932B	https://paymentrescue.dev/redeem
Tier 2	ChurnGuard	$99	PRE-5BCF-C4DA	https://paymentrescue.dev/redeem
Tier 2	ChurnGuard	$99	PRE-A9B8-0412	https://paymentrescue.dev/redeem
Tier 2	ChurnGuard	$99	PRE-A8EE-C7E1	https://paymentrescue.dev/redeem
Tier 2	ChurnGuard	$99	PRE-488D-7A83	https://paymentrescue.dev/redeem
Tier 2	ChurnGuard	$99	PRE-C04B-EE59	https://paymentrescue.dev/redeem
Tier 2	ChurnGuard	$99	PRE-87F3-2E7B	https://paymentrescue.dev/redeem
Tier 2	ChurnGuard	$99	PRE-A2DA-556F	https://paymentrescue.dev/redeem
Tier 2	ChurnGuard	$99	PRE-B647-5B7E	https://paymentrescue.dev/redeem
Tier 2	ChurnGuard	$99	PRE-6939-5A0B	https://paymentrescue.dev/redeem
Tier 2	ChurnGuard	$99	PRE-00BD-5221	https://paymentrescue.dev/redeem
Tier 2	ChurnGuard	$99	PRE-9CE5-789B	https://paymentrescue.dev/redeem
Tier 2	ChurnGuard	$99	PRE-0B88-AE0C	https://paymentrescue.dev/redeem
Tier 2	ChurnGuard	$99	PRE-B176-8EEC	https://paymentrescue.dev/redeem
Tier 2	ChurnGuard	$99	PRE-6361-C08C	https://paymentrescue.dev/redeem
Tier 2	ChurnGuard	$99	PRE-928C-4976	https://paymentrescue.dev/redeem
Tier 2	ChurnGuard	$99	PRE-1E09-0286	https://paymentrescue.dev/redeem
Tier 2	ChurnGuard	$99	PRE-B619-C190	https://paymentrescue.dev/redeem
Tier 2	ChurnGuard	$99	PRE-ACD7-D860	https://paymentrescue.dev/redeem
Tier 2	ChurnGuard	$99	PRE-61F3-F1E0	https://paymentrescue.dev/redeem
Tier 2	ChurnGuard	$99	PRE-770C-C236	https://paymentrescue.dev/redeem
Tier 2	ChurnGuard	$99	PRE-4B86-4CA7	https://paymentrescue.dev/redeem
Tier 2	ChurnGuard	$99	PRE-2F06-3229	https://paymentrescue.dev/redeem
Tier 2	ChurnGuard	$99	PRE-A625-BEFF	https://paymentrescue.dev/redeem
Tier 2	ChurnGuard	$99	PRE-FF72-3954	https://paymentrescue.dev/redeem
Tier 2	ChurnGuard	$99	PRE-3E5F-BA2C	https://paymentrescue.dev/redeem
Tier 2	ChurnGuard	$99	PRE-4DF5-9AC1	https://paymentrescue.dev/redeem
Tier 2	ChurnGuard	$99	PRE-AE17-AD70	https://paymentrescue.dev/redeem
Tier 2	ChurnGuard	$99	PRE-55D6-7181	https://paymentrescue.dev/redeem
Tier 2	ChurnGuard	$99	PRE-6CA9-5FF6	https://paymentrescue.dev/redeem
Tier 2	ChurnGuard	$99	PRE-13BE-E8A1	https://paymentrescue.dev/redeem
Tier 3	Bundle (All 5 Tools)	$199	BDL-5EFE-3189	Use same code on all 5 redeem pages
Tier 3	Bundle (All 5 Tools)	$199	BDL-E698-7098	Use same code on all 5 redeem pages
Tier 3	Bundle (All 5 Tools)	$199	BDL-0460-0E3B	Use same code on all 5 redeem pages
Tier 3	Bundle (All 5 Tools)	$199	BDL-5D77-9101	Use same code on all 5 redeem pages
Tier 3	Bundle (All 5 Tools)	$199	BDL-D000-1C83	Use same code on all 5 redeem pages
Tier 3	Bundle (All 5 Tools)	$199	BDL-508B-755F	Use same code on all 5 redeem pages
Tier 3	Bundle (All 5 Tools)	$199	BDL-B81A-B583	Use same code on all 5 redeem pages
Tier 3	Bundle (All 5 Tools)	$199	BDL-54B0-E36B	Use same code on all 5 redeem pages
Tier 3	Bundle (All 5 Tools)	$199	BDL-DC67-4FEF	Use same code on all 5 redeem pages
Tier 3	Bundle (All 5 Tools)	$199	BDL-45D8-DAFD	Use same code on all 5 redeem pages
Tier 3	Bundle (All 5 Tools)	$199	BDL-47C9-48BE	Use same code on all 5 redeem pages
Tier 3	Bundle (All 5 Tools)	$199	BDL-93BA-164A	Use same code on all 5 redeem pages
Tier 3	Bundle (All 5 Tools)	$199	BDL-B0AF-6026	Use same code on all 5 redeem pages
Tier 3	Bundle (All 5 Tools)	$199	BDL-8C07-943C	Use same code on all 5 redeem pages
Tier 3	Bundle (All 5 Tools)	$199	BDL-BBE6-BAFF	Use same code on all 5 redeem pages
Tier 3	Bundle (All 5 Tools)	$199	BDL-3689-D8F4	Use same code on all 5 redeem pages
Tier 3	Bundle (All 5 Tools)	$199	BDL-2BD5-5580	Use same code on all 5 redeem pages
Tier 3	Bundle (All 5 Tools)	$199	BDL-6188-4761	Use same code on all 5 redeem pages
Tier 3	Bundle (All 5 Tools)	$199	BDL-DDC5-28DF	Use same code on all 5 redeem pages
Tier 3	Bundle (All 5 Tools)	$199	BDL-ED90-DA91	Use same code on all 5 redeem pages
Tier 3	Bundle (All 5 Tools)	$199	BDL-9498-3EF5	Use same code on all 5 redeem pages
Tier 3	Bundle (All 5 Tools)	$199	BDL-93A8-479E	Use same code on all 5 redeem pages
Tier 3	Bundle (All 5 Tools)	$199	BDL-F876-A4AD	Use same code on all 5 redeem pages
Tier 3	Bundle (All 5 Tools)	$199	BDL-6BDC-C94A	Use same code on all 5 redeem pages
Tier 3	Bundle (All 5 Tools)	$199	BDL-1302-939A	Use same code on all 5 redeem pages
Tier 3	Bundle (All 5 Tools)	$199	BDL-ABCC-C1E1	Use same code on all 5 redeem pages
Tier 3	Bundle (All 5 Tools)	$199	BDL-A359-52BD	Use same code on all 5 redeem pages
Tier 3	Bundle (All 5 Tools)	$199	BDL-88A3-67E4	Use same code on all 5 redeem pages
Tier 3	Bundle (All 5 Tools)	$199	BDL-410F-BC2B	Use same code on all 5 redeem pages
Tier 3	Bundle (All 5 Tools)	$199	BDL-617B-0515	Use same code on all 5 redeem pages
Tier 3	Bundle (All 5 Tools)	$199	BDL-1FE6-1BBA	Use same code on all 5 redeem pages
Tier 3	Bundle (All 5 Tools)	$199	BDL-841D-DB06	Use same code on all 5 redeem pages
Tier 3	Bundle (All 5 Tools)	$199	BDL-E3CB-4E8C	Use same code on all 5 redeem pages
Tier 3	Bundle (All 5 Tools)	$199	BDL-BBCE-2CF6	Use same code on all 5 redeem pages
Tier 3	Bundle (All 5 Tools)	$199	BDL-BD1A-951F	Use same code on all 5 redeem pages
Tier 3	Bundle (All 5 Tools)	$199	BDL-F53A-EC6A	Use same code on all 5 redeem pages
Tier 3	Bundle (All 5 Tools)	$199	BDL-3C5A-E88E	Use same code on all 5 redeem pages
Tier 3	Bundle (All 5 Tools)	$199	BDL-FDBA-9932	Use same code on all 5 redeem pages
Tier 3	Bundle (All 5 Tools)	$199	BDL-006C-D22D	Use same code on all 5 redeem pages
Tier 3	Bundle (All 5 Tools)	$199	BDL-D42D-09F6	Use same code on all 5 redeem pages
Tier 3	Bundle (All 5 Tools)	$199	BDL-4071-B929	Use same code on all 5 redeem pages
Tier 3	Bundle (All 5 Tools)	$199	BDL-9114-D1FE	Use same code on all 5 redeem pages
Tier 3	Bundle (All 5 Tools)	$199	BDL-88B9-FC14	Use same code on all 5 redeem pages
Tier 3	Bundle (All 5 Tools)	$199	BDL-3390-1913	Use same code on all 5 redeem pages
Tier 3	Bundle (All 5 Tools)	$199	BDL-3B14-F12A	Use same code on all 5 redeem pages
Tier 3	Bundle (All 5 Tools)	$199	BDL-0698-64E3	Use same code on all 5 redeem pages
Tier 3	Bundle (All 5 Tools)	$199	BDL-990A-710B	Use same code on all 5 redeem pages
Tier 3	Bundle (All 5 Tools)	$199	BDL-C1A5-327A	Use same code on all 5 redeem pages
Tier 3	Bundle (All 5 Tools)	$199	BDL-0E57-331B	Use same code on all 5 redeem pages
Tier 3	Bundle (All 5 Tools)	$199	BDL-A947-1EFD	Use same code on all 5 redeem pages
Tier 3	Bundle (All 5 Tools)	$199	BDL-85F6-8053	Use same code on all 5 redeem pages
Tier 3	Bundle (All 5 Tools)	$199	BDL-8C8C-A6A0	Use same code on all 5 redeem pages
Tier 3	Bundle (All 5 Tools)	$199	BDL-A9E4-5895	Use same code on all 5 redeem pages
Tier 3	Bundle (All 5 Tools)	$199	BDL-C305-9A2F	Use same code on all 5 redeem pages
Tier 3	Bundle (All 5 Tools)	$199	BDL-36CD-13EC	Use same code on all 5 redeem pages
Tier 3	Bundle (All 5 Tools)	$199	BDL-2037-0465	Use same code on all 5 redeem pages
Tier 3	Bundle (All 5 Tools)	$199	BDL-A0EC-9835	Use same code on all 5 redeem pages
Tier 3	Bundle (All 5 Tools)	$199	BDL-BB75-90BB	Use same code on all 5 redeem pages
Tier 3	Bundle (All 5 Tools)	$199	BDL-0A1E-83C3	Use same code on all 5 redeem pages
Tier 3	Bundle (All 5 Tools)	$199	BDL-76F5-C2E9	Use same code on all 5 redeem pages
Tier 3	Bundle (All 5 Tools)	$199	BDL-D6CF-22AE	Use same code on all 5 redeem pages
Tier 3	Bundle (All 5 Tools)	$199	BDL-F731-FA97	Use same code on all 5 redeem pages
Tier 3	Bundle (All 5 Tools)	$199	BDL-94AC-565E	Use same code on all 5 redeem pages
Tier 3	Bundle (All 5 Tools)	$199	BDL-6938-C945	Use same code on all 5 redeem pages
Tier 3	Bundle (All 5 Tools)	$199	BDL-36A6-49C6	Use same code on all 5 redeem pages
Tier 3	Bundle (All 5 Tools)	$199	BDL-C2AB-15F4	Use same code on all 5 redeem pages
Tier 3	Bundle (All 5 Tools)	$199	BDL-9E8E-CA81	Use same code on all 5 redeem pages
Tier 3	Bundle (All 5 Tools)	$199	BDL-F0A7-FC7F	Use same code on all 5 redeem pages
Tier 3	Bundle (All 5 Tools)	$199	BDL-4646-BC85	Use same code on all 5 redeem pages
Tier 3	Bundle (All 5 Tools)	$199	BDL-B7AC-A90F	Use same code on all 5 redeem pages
Tier 3	Bundle (All 5 Tools)	$199	BDL-EFA4-238E	Use same code on all 5 redeem pages
Tier 3	Bundle (All 5 Tools)	$199	BDL-8675-AEA9	Use same code on all 5 redeem pages
Tier 3	Bundle (All 5 Tools)	$199	BDL-8709-5760	Use same code on all 5 redeem pages
Tier 3	Bundle (All 5 Tools)	$199	BDL-A0E4-9FC0	Use same code on all 5 redeem pages
Tier 3	Bundle (All 5 Tools)	$199	BDL-5DC1-C51A	Use same code on all 5 redeem pages
Tier 3	Bundle (All 5 Tools)	$199	BDL-5F6D-947E	Use same code on all 5 redeem pages
Tier 3	Bundle (All 5 Tools)	$199	BDL-2660-87DA	Use same code on all 5 redeem pages
Tier 3	Bundle (All 5 Tools)	$199	BDL-BB20-B106	Use same code on all 5 redeem pages
Tier 3	Bundle (All 5 Tools)	$199	BDL-1A17-189E	Use same code on all 5 redeem pages
Tier 3	Bundle (All 5 Tools)	$199	BDL-20C4-C658	Use same code on all 5 redeem pages
Tier 3	Bundle (All 5 Tools)	$199	BDL-57DA-5507	Use same code on all 5 redeem pages
Tier 3	Bundle (All 5 Tools)	$199	BDL-477A-66F6	Use same code on all 5 redeem pages
Tier 3	Bundle (All 5 Tools)	$199	BDL-CFEF-A0DF	Use same code on all 5 redeem pages
Tier 3	Bundle (All 5 Tools)	$199	BDL-9B55-7850	Use same code on all 5 redeem pages
Tier 3	Bundle (All 5 Tools)	$199	BDL-02E3-3F86	Use same code on all 5 redeem pages
Tier 3	Bundle (All 5 Tools)	$199	BDL-A2FC-18DA	Use same code on all 5 redeem pages
Tier 3	Bundle (All 5 Tools)	$199	BDL-4033-4258	Use same code on all 5 redeem pages
Tier 3	Bundle (All 5 Tools)	$199	BDL-83AE-AB6F	Use same code on all 5 redeem pages
Tier 3	Bundle (All 5 Tools)	$199	BDL-0D68-6F76	Use same code on all 5 redeem pages
Tier 3	Bundle (All 5 Tools)	$199	BDL-ACB6-9C48	Use same code on all 5 redeem pages
Tier 3	Bundle (All 5 Tools)	$199	BDL-F1F1-C54F	Use same code on all 5 redeem pages
Tier 3	Bundle (All 5 Tools)	$199	BDL-2215-1752	Use same code on all 5 redeem pages
Tier 3	Bundle (All 5 Tools)	$199	BDL-7CE3-3F6A	Use same code on all 5 redeem pages
Tier 3	Bundle (All 5 Tools)	$199	BDL-88CB-ADB7	Use same code on all 5 redeem pages
Tier 3	Bundle (All 5 Tools)	$199	BDL-8A39-02CA	Use same code on all 5 redeem pages
Tier 3	Bundle (All 5 Tools)	$199	BDL-5B82-7DCB	Use same code on all 5 redeem pages
Tier 3	Bundle (All 5 Tools)	$199	BDL-63B9-A278	Use same code on all 5 redeem pages
Tier 3	Bundle (All 5 Tools)	$199	BDL-0B77-30CB	Use same code on all 5 redeem pages
Tier 3	Bundle (All 5 Tools)	$199	BDL-E1D5-E56B	Use same code on all 5 redeem pages
Tier 3	Bundle (All 5 Tools)	$199	BDL-E129-744E	Use same code on all 5 redeem pages